id,title,category_id,price,currency_id,condition,permalink,thumbnail
MLA1716974100,Controlador Smart Infrarojo Universal Wifi Alexa Google Home,MLA49334,32870,ARS,new,https://articulo.mercadolibre.com.ar/MLA-1716974100-controlador-smart-infrarojo-universal-wifi-alexa-google-home-_JM,http://http2.mlstatic.com/D_961218-MLU75333861023_032024-I.jpg
MLA1267653378,Control Remoto Universal Ir Wifi Alexa Google Home By Tuya,MLA409415,12609.03,ARS,new,https://articulo.mercadolibre.com.ar/MLA-1267653378-control-remoto-universal-ir-wifi-alexa-google-home-by-tuya-_JM,http://http2.mlstatic.com/D_625992-MLA70326645385_072023-I.jpg
MLA1422390067,Broadlink Cable Sensor De Temperatura,MLA49334,8997,ARS,new,https://articulo.mercadolibre.com.ar/MLA-1422390067-broadlink-cable-sensor-de-temperatura-_JM,http://http2.mlstatic.com/D_827863-MLU75591893350_042024-I.jpg
MLA1284308352,Samsung 55  Neo Qled 4k Qn85b,MLA1002,1799999.2,ARS,new,https://articulo.mercadolibre.com.ar/MLA-1284308352-samsung-55-neo-qled-4k-qn85b-_JM,http://http2.mlstatic.com/D_762564-MLU75974871639_042024-I.jpg
MLA851310042,Control Remoto Wifi Smart Alexa/google,MLA49334,31699,ARS,new,https://articulo.mercadolibre.com.ar/MLA-851310042-control-remoto-wifi-smart-alexagoogle-_JM,http://http2.mlstatic.com/D_695795-MLA41533675649_042020-I.jpg
MLA1419672523,Anycast Mirascreen M9 Plus Netflix Flow Smart Tv Chromecast Wifi 2.4g  Negro,MLA352001,27718.2,ARS,new,https://articulo.mercadolibre.com.ar/MLA-1419672523-anycast-mirascreen-m9-plus-netflix-flow-smart-tv-chromecast-wifi-24g-negro-_JM,http://http2.mlstatic.com/D_845756-MLU72636715239_112023-I.jpg
MLA912061922,Control Remoto Infrarrojo Wifi Alexa Google Home Tuya Ir500,MLA49334,16999,ARS,new,https://articulo.mercadolibre.com.ar/MLA-912061922-control-remoto-infrarrojo-wifi-alexa-google-home-tuya-ir500-_JM,http://http2.mlstatic.com/D_658080-MLA53123990982_012023-I.jpg
MLA816471901,Broadlink Rm Mini 3 C/ Remto Wifi Para Alexa O Google Home ,MLA49334,24997,ARS,new,https://articulo.mercadolibre.com.ar/MLA-816471901-broadlink-rm-mini-3-c-remto-wifi-para-alexa-o-google-home-_JM,http://http2.mlstatic.com/D_874069-MLA40202788901_122019-I.jpg
MLA769629703,Broadlink Rm Mini 3 C/ Remto Wifi Para Alexa O Google Home ,MLA49334,19897,ARS,new,https://articulo.mercadolibre.com.ar/MLA-769629703-broadlink-rm-mini-3-c-remto-wifi-para-alexa-o-google-home-_JM,http://http2.mlstatic.com/D_907144-MLA50621038063_072022-I.jpg
MLA1289251444,Smart Tv Samsung Neo Qled Qn65qn85bagczb 4k 65  220v/240v,MLA1002,2249999.2,ARS,new,https://articulo.mercadolibre.com.ar/MLA-1289251444-smart-tv-samsung-neo-qled-qn65qn85bagczb-4k-65-220v240v-_JM,http://http2.mlstatic.com/D_939326-MLU75210024328_032024-I.jpg
MLA1405757115,Controlador Smart Infrarojo Universal Wifi Alexa Google Home,MLA49334,27970,ARS,new,https://articulo.mercadolibre.com.ar/MLA-1405757115-controlador-smart-infrarojo-universal-wifi-alexa-google-home-_JM,http://http2.mlstatic.com/D_605376-MLA74327333775_012024-I.jpg
MLA1419665587,Smart Tv Samsung Qn43qn90cagxzd Qled Tizen 4k 43  100v/240v,MLA1002,1699999,ARS,new,https://articulo.mercadolibre.com.ar/MLA-1419665587-smart-tv-samsung-qn43qn90cagxzd-qled-tizen-4k-43-100v240v-_JM,http://http2.mlstatic.com/D_876203-MLA70153309381_062023-I.jpg
MLA1767268742,Broadlink Rm4 Pro Ir E Rf 315/433 Mhz Alexa Y Google Home,MLA49334,129719.06,ARS,new,https://articulo.mercadolibre.com.ar/MLA-1767268742-broadlink-rm4-pro-ir-e-rf-315433-mhz-alexa-y-google-home-_JM,http://http2.mlstatic.com/D_972106-MLU75259621262_032024-I.jpg
MLA896203384,Control Remoto Wifi Smart 360º Ir Google Home Alexa Amazon,MLA49334,35290,ARS,new,https://articulo.mercadolibre.com.ar/MLA-896203384-control-remoto-wifi-smart-360-ir-google-home-alexa-amazon-_JM,http://http2.mlstatic.com/D_861969-MLA44017117515_112020-I.jpg
MLA1267161423,Control Remoto Universal Wifi Ir+rf Alexa Googlehome By Tuya,MLA409415,39559.08,ARS,new,https://articulo.mercadolibre.com.ar/MLA-1267161423-control-remoto-universal-wifi-irrf-alexa-googlehome-by-tuya-_JM,http://http2.mlstatic.com/D_641511-MLA52734978270_122022-I.jpg
MLA1199127708,Control Remoto Wifi Compatible  Google Home/alexa ,MLA409415,39000,ARS,new,https://articulo.mercadolibre.com.ar/MLA-1199127708-control-remoto-wifi-compatible-google-homealexa-_JM,http://http2.mlstatic.com/D_705754-MLA73640143546_122023-I.jpg
MLA1635395316,Control Remoto Wifi Smart Alexa/google,MLA409415,39000,ARS,new,https://articulo.mercadolibre.com.ar/MLA-1635395316-control-remoto-wifi-smart-alexagoogle-_JM,http://http2.mlstatic.com/D_998141-MLA73973378056_012024-I.jpg
MLA912063949,Control Remoto Infrarrojo Wifi Alexa Google Home Tuya Ir500,MLA49334,32856,ARS,new,https://articulo.mercadolibre.com.ar/MLA-912063949-control-remoto-infrarrojo-wifi-alexa-google-home-tuya-ir500-_JM,http://http2.mlstatic.com/D_927107-MLA53124109337_012023-I.jpg
MLA1399475161,Smart Tv Samsung Neo Qled Qn65qn85bagczb 4k 65 220v/240v Ref,MLA1002,1799991,ARS,new,https://articulo.mercadolibre.com.ar/MLA-1399475161-smart-tv-samsung-neo-qled-qn65qn85bagczb-4k-65-220v240v-ref-_JM,http://http2.mlstatic.com/D_967494-MLA73433621508_122023-I.jpg
MLA1367580847,Smart Tv Samsung Neo Qled 4k Qn50qn90bagxzd Qled Tizen 4k 50  100v/240v,MLA1002,1499999.2,ARS,new,https://articulo.mercadolibre.com.ar/MLA-1367580847-smart-tv-samsung-neo-qled-4k-qn50qn90bagxzd-qled-tizen-4k-50-100v240v-_JM,http://http2.mlstatic.com/D_917686-MLA52124617386_102022-I.jpg
MLA885446511,Control Remoto Wifi P/ Alexa / Google Home Domotica,MLA49334,40300.4,ARS,new,https://articulo.mercadolibre.com.ar/MLA-885446511-control-remoto-wifi-p-alexa-google-home-domotica-_JM,http://http2.mlstatic.com/D_895994-MLA75920265756_042024-I.jpg
MLA1413451517,Samsung Smart Tv 55 Neo Qled 4k Linea Pantalla Hdr10 120hz,MLA1002,2209991.5,ARS,new,https://articulo.mercadolibre.com.ar/MLA-1413451517-samsung-smart-tv-55-neo-qled-4k-linea-pantalla-hdr10-120hz-_JM,http://http2.mlstatic.com/D_604255-MLU72841709867_112023-I.jpg
MLA1370315007,Smart Tv Samsung 65  Neo Qled Qn65qn85bagczb 4k P,MLA1002,3244499,ARS,new,https://articulo.mercadolibre.com.ar/MLA-1370315007-smart-tv-samsung-65-neo-qled-qn65qn85bagczb-4k-p-_JM,http://http2.mlstatic.com/D_697286-MLU69482269298_052023-I.jpg
MLA1413515469,Samsung Smart Tv 55 Neo Qled 4k 120hz Wifi Linea Pantalla,MLA1002,1759991.2,ARS,new,https://articulo.mercadolibre.com.ar/MLA-1413515469-samsung-smart-tv-55-neo-qled-4k-120hz-wifi-linea-pantalla-_JM,http://http2.mlstatic.com/D_604255-MLU72841709867_112023-I.jpg
MLA855212349,Broadlink Rm Mini 3 C/ Remto Wifi Para Alexa O Google Home,MLA49334,139999.99,ARS,new,https://articulo.mercadolibre.com.ar/MLA-855212349-broadlink-rm-mini-3-c-remto-wifi-para-alexa-o-google-home-_JM,http://http2.mlstatic.com/D_906479-MLA54477070651_032023-I.jpg
MLA885448326,Control Remoto Wifi P/ Alexa / Google Home Domotica,MLA49334,36194.86,ARS,new,https://articulo.mercadolibre.com.ar/MLA-885448326-control-remoto-wifi-p-alexa-google-home-domotica-_JM,http://http2.mlstatic.com/D_680280-MLA75916596882_042024-I.jpg
MLA855211932,Broadlink Rm Mini 3 C/ Remto Wifi Para Alexa O Google Home,MLA49334,129999.99,ARS,new,https://articulo.mercadolibre.com.ar/MLA-855211932-broadlink-rm-mini-3-c-remto-wifi-para-alexa-o-google-home-_JM,http://http2.mlstatic.com/D_706587-MLA54477120087_032023-I.jpg
MLA1144762109,Broadlink Rm Mini 4 C- Remoto Wifi Para Google Home O Alexa,MLA49334,134999.99,ARS,new,https://articulo.mercadolibre.com.ar/MLA-1144762109-broadlink-rm-mini-4-c-remoto-wifi-para-google-home-o-alexa-_JM,http://http2.mlstatic.com/D_645026-MLA50501413933_062022-I.jpg
MLA1144737769,Broadlink Rm Mini 4 C/ Remoto Wifi Para Google Home O Alexa.,MLA49334,149999.99,ARS,new,https://articulo.mercadolibre.com.ar/MLA-1144737769-broadlink-rm-mini-4-c-remoto-wifi-para-google-home-o-alexa-_JM,http://http2.mlstatic.com/D_828089-MLA50501549897_062022-I.jpg
MLA1416351269,Pc All In One 24p I5 8gb Ram 256gb Ssd Windows 11 Home Kanji Color Blanco,MLA126843,1283190.0,ARS,new,https://articulo.mercadolibre.com.ar/MLA-1416351269-pc-all-in-one-24p-i5-8gb-ram-256gb-ssd-windows-11-home-kanji-color-blanco-_JM,http://http2.mlstatic.com/D_698197-MLU74976041329_032024-I.jpg
MLA873431396,Control Remoto Wifi Broadlink Compatible  Google Home/alexa,MLA49334,40740,ARS,new,https://articulo.mercadolibre.com.ar/MLA-873431396-control-remoto-wifi-broadlink-compatible-google-homealexa-_JM,http://http2.mlstatic.com/D_732127-MLA74800440412_032024-I.jpg
MLA1601812030,Broadlink Rm Mini 3 C/ Remto Wifi Para Alexa O Google Home,MLA49334,65000,ARS,new,https://articulo.mercadolibre.com.ar/MLA-1601812030-broadlink-rm-mini-3-c-remto-wifi-para-alexa-o-google-home-_JM,http://http2.mlstatic.com/D_979013-MLA73386870186_122023-I.jpg
MLA855214818,Broadlink Rm Mini 3 C/ Remto Wifi Para Alexa O Google Home,MLA49334,139999.99,ARS,new,https://articulo.mercadolibre.com.ar/MLA-855214818-broadlink-rm-mini-3-c-remto-wifi-para-alexa-o-google-home-_JM,http://http2.mlstatic.com/D_600194-MLA41798184688_052020-I.jpg
MLA1144655830,Broadlink Rm Mini 4 C/ Remoto Wifi Para Google Home O Alexa.,MLA49334,149999.99,ARS,new,https://articulo.mercadolibre.com.ar/MLA-1144655830-broadlink-rm-mini-4-c-remoto-wifi-para-google-home-o-alexa-_JM,http://http2.mlstatic.com/D_602278-MLA50501571983_062022-I.jpg
MLA1366087187,Broadlink Rm Mini 3 C/ Remto Wifi Para Alexa O Google Home,MLA49334,129999.99,ARS,new,https://articulo.mercadolibre.com.ar/MLA-1366087187-broadlink-rm-mini-3-c-remto-wifi-para-alexa-o-google-home-_JM,http://http2.mlstatic.com/D_785402-MLA54939363997_042023-I.jpg
MLA1468966552,Broadlink Rm Mini 4 C/ Remoto Wifi Para Google Home O Alexa.,MLA49334,149999.99,ARS,new,https://articulo.mercadolibre.com.ar/MLA-1468966552-broadlink-rm-mini-4-c-remoto-wifi-para-google-home-o-alexa-_JM,http://http2.mlstatic.com/D_870012-MLA70939715402_082023-I.jpg
MLA1391867332,Smart Tv Samsung Neo Qled 4k Qn65qn85bagczb Qledtizen 4k 65,MLA1002,2989999,ARS,new,https://articulo.mercadolibre.com.ar/MLA-1391867332-smart-tv-samsung-neo-qled-4k-qn65qn85bagczb-qledtizen-4k-65-_JM,http://http2.mlstatic.com/D_616220-MLA52122439335_102022-I.jpg
MLA1399462433,Smart Tv Samsung Neo Qled 120 Hz Tizen 4k 65 220v/240v Ref,MLA1002,2044491.3,ARS,new,https://articulo.mercadolibre.com.ar/MLA-1399462433-smart-tv-samsung-neo-qled-120-hz-tizen-4k-65-220v240v-ref-_JM,http://http2.mlstatic.com/D_967494-MLA73433621508_122023-I.jpg
MLA1468979248,Broadlink Rm Mini 3 C/ Remoto Wifi Para Alexa O Google Home,MLA49334,139999.99,ARS,new,https://articulo.mercadolibre.com.ar/MLA-1468979248-broadlink-rm-mini-3-c-remoto-wifi-para-alexa-o-google-home-_JM,http://http2.mlstatic.com/D_816123-MLA70939291790_082023-I.jpg
MLA1395088106,Smart Tv Samsung 55 Qn55qn85bagczb 4k Qled Gris Tizen Dolby,MLA1002,4246484.28,ARS,new,https://articulo.mercadolibre.com.ar/MLA-1395088106-smart-tv-samsung-55-qn55qn85bagczb-4k-qled-gris-tizen-dolby-_JM,http://http2.mlstatic.com/D_840617-MLA52121727091_102022-I.jpg
MLA1372158125,Smart Tv Samsung Neo Qled 4k Qn65qn85bagczb Tizen 4k 65 ,MLA1002,3427719,ARS,new,https://articulo.mercadolibre.com.ar/MLA-1372158125-smart-tv-samsung-neo-qled-4k-qn65qn85bagczb-tizen-4k-65-_JM,http://http2.mlstatic.com/D_697286-MLU69482269298_052023-I.jpg
MLA1371531561,Broadlink Rm Mini 4 C/ Remoto Wifi Para Google Home O Alexa.,MLA49334,139999.99,ARS,new,https://articulo.mercadolibre.com.ar/MLA-1371531561-broadlink-rm-mini-4-c-remoto-wifi-para-google-home-o-alexa-_JM,http://http2.mlstatic.com/D_673854-MLA69734151731_052023-I.jpg
MLA1425394670,Tv Samsung Neo Qled 4k Qn65qn85bagczb Qled Tizen 4k 65  ,MLA1002,2841999,ARS,new,https://articulo.mercadolibre.com.ar/MLA-1425394670-tv-samsung-neo-qled-4k-qn65qn85bagczb-qled-tizen-4k-65-_JM,http://http2.mlstatic.com/D_697286-MLU69482269298_052023-I.jpg
MLA1365346297,Smart Tv Samsung Neo Qled 4k Qn65qn85bagczb Qledtizen 4k 65,MLA1002,2795499,ARS,new,https://articulo.mercadolibre.com.ar/MLA-1365346297-smart-tv-samsung-neo-qled-4k-qn65qn85bagczb-qledtizen-4k-65-_JM,http://http2.mlstatic.com/D_616220-MLA52122439335_102022-I.jpg
MLA1391739447,Smart Tv 65  Samsung Neo Qled 4k Uhd Qn65qn85bagczb Gris,MLA1002,4553999,ARS,new,https://articulo.mercadolibre.com.ar/MLA-1391739447-smart-tv-65-samsung-neo-qled-4k-uhd-qn65qn85bagczb-gris-_JM,http://http2.mlstatic.com/D_697286-MLU69482269298_052023-I.jpg
MLA1102246362,Control Remoto Smart Infrarrojo Wifi Alexa Google Home ,MLA409415,35549,ARS,new,https://articulo.mercadolibre.com.ar/MLA-1102246362-control-remoto-smart-infrarrojo-wifi-alexa-google-home-_JM,http://http2.mlstatic.com/D_829522-MLA72107953657_102023-I.jpg
MLA1369674393,Smart Tv Samsung Neo Qled 4k Qn43qn90bakxzl Qled Tizen 4k 43  100v/240v,MLA1002,1999999,ARS,new,https://articulo.mercadolibre.com.ar/MLA-1369674393-smart-tv-samsung-neo-qled-4k-qn43qn90bakxzl-qled-tizen-4k-43-100v240v-_JM,http://http2.mlstatic.com/D_902072-MLA53248729905_012023-I.jpg
MLA871922394,Control Remoto Smart Infrarrojo Wifi Alexa Googlehome ,MLA49334,35200,ARS,new,https://articulo.mercadolibre.com.ar/MLA-871922394-control-remoto-smart-infrarrojo-wifi-alexa-googlehome-_JM,http://http2.mlstatic.com/D_733996-MLA43046381979_082020-I.jpg
MLA872758442,Control Remoto Wifi Smart 360º Ir Google Home Alexa Amazon ,MLA49334,39899,ARS,new,https://articulo.mercadolibre.com.ar/MLA-872758442-control-remoto-wifi-smart-360-ir-google-home-alexa-amazon-_JM,http://http2.mlstatic.com/D_688464-MLA43134297010_082020-I.jpg
MLA1416324733,Pc All In One Kanji Core I3 256g Ssd 8gb 1080p Full Hd Color Blanco,MLA126843,1112033,ARS,new,https://articulo.mercadolibre.com.ar/MLA-1416324733-pc-all-in-one-kanji-core-i3-256g-ssd-8gb-1080p-full-hd-color-blanco-_JM,http://http2.mlstatic.com/D_766199-MLU75585761250_042024-I.jpg
MLA1424602139,Apple Tv 4k 64gb Negro 1.ª Generación 2017,MLA352001,243799,ARS,new,https://articulo.mercadolibre.com.ar/MLA-1424602139-apple-tv-4k-64gb-negro-1-generacion-2017-_JM,http://http2.mlstatic.com/D_973117-MLA32691559270_102019-I.jpg
MLA1420959285,Apple Tv 4k 32gb Negro 1.ª Generación 2017,MLA352001,205290,ARS,new,https://articulo.mercadolibre.com.ar/MLA-1420959285-apple-tv-4k-32gb-negro-1-generacion-2017-_JM,http://http2.mlstatic.com/D_729472-MLU74219531278_012024-I.jpg
MLA1264223887, Apple Tv 4k A2169 De Voz 2.ª Generación 2021 4k 64gb Negro,MLA352001,369999,ARS,new,https://articulo.mercadolibre.com.ar/MLA-1264223887-apple-tv-4k-a2169-de-voz-2-generacion-2021-4k-64gb-negro-_JM,http://http2.mlstatic.com/D_677886-MLA74782155651_022024-I.jpg
MLA1406738294, Apple Tv 4k A2169 De Voz 2.ª Generación 2021 4k 32gb Negro,MLA352001,300700,ARS,new,https://articulo.mercadolibre.com.ar/MLA-1406738294-apple-tv-4k-a2169-de-voz-2-generacion-2021-4k-32gb-negro-_JM,http://http2.mlstatic.com/D_677886-MLA74782155651_022024-I.jpg
MLA1424666485,Apple Tv 4k 64gb Color Negro Tipo De Control Remoto De Voz,MLA352001,269999,ARS,new,https://articulo.mercadolibre.com.ar/MLA-1424666485-apple-tv-4k-64gb-color-negro-tipo-de-control-remoto-de-voz-_JM,http://http2.mlstatic.com/D_878429-MLU71759959777_092023-I.jpg
MLA1732589556, Apple Tv 4k (wifi + Ethernet) A2843 De Voz 3.ª Generación 2022 4k 128gb Negro,MLA352001,549000,ARS,new,https://articulo.mercadolibre.com.ar/MLA-1732589556-apple-tv-4k-wifi-ethernet-a2843-de-voz-3-generacion-2022-4k-128gb-negro-_JM,http://http2.mlstatic.com/D_911533-MLA53244962397_012023-I.jpg
MLA1424655863,Apple Tv 4k 32 Gb,MLA352001,249999,ARS,new,https://articulo.mercadolibre.com.ar/MLA-1424655863-apple-tv-4k-32-gb-_JM,http://http2.mlstatic.com/D_713592-MLU70868562695_082023-I.jpg
MLA1732679658, Apple Tv 4k (wifi) A2737 3.ª Generación 2022 4k 64gb Color Negro Tipo De Control Remoto Control De Voz,MLA352001,495000,ARS,new,https://articulo.mercadolibre.com.ar/MLA-1732679658-apple-tv-4k-wifi-a2737-3-generacion-2022-4k-64gb-color-negro-tipo-de-control-remoto-control-de-voz-_JM,http://http2.mlstatic.com/D_659915-MLU74337895205_022024-I.jpg
MLA1424614931,Apple Tv 4k 64gb 1st Gen Netflix Disney+ Hbo Prime Video,MLA352001,329999,ARS,new,https://articulo.mercadolibre.com.ar/MLA-1424614931-apple-tv-4k-64gb-1st-gen-netflix-disney-hbo-prime-video-_JM,http://http2.mlstatic.com/D_878429-MLU71759959777_092023-I.jpg
MLA1426291701,Apple Tv 4k 64gb En Caja Cerrada. Soporte Y Funda De Regalo,MLA352001,539000,ARS,new,https://articulo.mercadolibre.com.ar/MLA-1426291701-apple-tv-4k-64gb-en-caja-cerrada-soporte-y-funda-de-regalo-_JM,http://http2.mlstatic.com/D_720512-MLA71496596751_092023-I.jpg
MLA1594865644, Apple Tv 4k A2169 2da Generación 2021 4k 64gb,MLA352001,763400,ARS,new,https://articulo.mercadolibre.com.ar/MLA-1594865644-apple-tv-4k-a2169-2da-generacion-2021-4k-64gb-_JM,http://http2.mlstatic.com/D_677886-MLA74782155651_022024-I.jpg
MLA1378227377, Apple Tv 4k A2169 Control Voz 2ª Generación 2021 32gb Negro,MLA352001,699997,ARS,new,https://articulo.mercadolibre.com.ar/MLA-1378227377-apple-tv-4k-a2169-control-voz-2-generacion-2021-32gb-negro-_JM,http://http2.mlstatic.com/D_677886-MLA74782155651_022024-I.jpg
MLA1424885963,Apple Tv 4k 128gb Wifi - Ethernet,MLA352001,490000,ARS,new,https://articulo.mercadolibre.com.ar/MLA-1424885963-apple-tv-4k-128gb-wifi-ethernet-_JM,http://http2.mlstatic.com/D_672332-MLA76182950247_052024-I.jpg
MLA1411537873, Apple Tv 4k A2169 De Voz 2.ª Generación 2021 4k 32gb Negro,MLA352001,579999,ARS,new,https://articulo.mercadolibre.com.ar/MLA-1411537873-apple-tv-4k-a2169-de-voz-2-generacion-2021-4k-32gb-negro-_JM,http://http2.mlstatic.com/D_677886-MLA74782155651_022024-I.jpg
MLA1419607821, Apple Tv A1469 Estándar 3.ª Generación ,MLA352001,70000,ARS,used,https://articulo.mercadolibre.com.ar/MLA-1419607821-apple-tv-a1469-estandar-3-generacion-_JM,http://http2.mlstatic.com/D_909769-MLA75459253300_042024-I.jpg
MLA1313569771," Apple Tv  A1625,  Negro 32gb,  Control Remoto Usado",MLA352001,111999,ARS,used,https://articulo.mercadolibre.com.ar/MLA-1313569771-apple-tv-a1625-negro-32gb-control-remoto-usado-_JM,http://http2.mlstatic.com/D_955001-MLA70917348063_082023-I.jpg
MLA1413965823, Apple Tv Mc572lla Estándar 2.ª Generación 2010 Hd ,MLA352001,150000,ARS,used,https://articulo.mercadolibre.com.ar/MLA-1413965823-apple-tv-mc572lla-estandar-2-generacion-2010-hd-_JM,http://http2.mlstatic.com/D_906506-MLA75056153873_032024-I.jpg
MLA1414122791, Apple Tv A1427 Negro - 1080p Full Hd,MLA352001,180000,ARS,used,https://articulo.mercadolibre.com.ar/MLA-1414122791-apple-tv-a1427-negro-1080p-full-hd-_JM,http://http2.mlstatic.com/D_850015-MLA74935891754_032024-I.jpg
MLA1758724092, Apple Tv A1469 Estándar 3.ª Generación,MLA352001,48000,ARS,used,https://articulo.mercadolibre.com.ar/MLA-1758724092-apple-tv-a1469-estandar-3-generacion-_JM,http://http2.mlstatic.com/D_710144-MLA76137790655_052024-I.jpg
MLA1728067370,Apple Tv 4k 32gb A1842 Negro Completo En Caja Remote Cable,MLA352001,234800,ARS,used,https://articulo.mercadolibre.com.ar/MLA-1728067370-apple-tv-4k-32gb-a1842-negro-completo-en-caja-remote-cable-_JM,http://http2.mlstatic.com/D_807094-MLA75557287907_042024-I.jpg
MLA1424843085, Apple Tv Hd A1625 De Voz 4.ª Generación Full Hd 32gb,MLA352001,97000,ARS,used,https://articulo.mercadolibre.com.ar/MLA-1424843085-apple-tv-hd-a1625-de-voz-4-generacion-full-hd-32gb-_JM,http://http2.mlstatic.com/D_642192-MLA76173592579_052024-I.jpg
MLA1736369560,Apple Tv 2da Gen,MLA352001,40000,ARS,used,https://articulo.mercadolibre.com.ar/MLA-1736369560-apple-tv-2da-gen-_JM,http://http2.mlstatic.com/D_616489-MLA45257255120_032021-I.jpg
MLA1598302118,"Apple Tv 3 A1469  Full Hd Negro Completo, Sin Detalles.",MLA352001,92000,ARS,used,https://articulo.mercadolibre.com.ar/MLA-1598302118-apple-tv-3-a1469-full-hd-negro-completo-sin-detalles-_JM,http://http2.mlstatic.com/D_768499-MLA73416500993_122023-I.jpg
MLA1140019211,"Apple Tv, 2da Generacion",MLA352001,145000,ARS,used,https://articulo.mercadolibre.com.ar/MLA-1140019211-apple-tv-2da-generacion-_JM,http://http2.mlstatic.com/D_749993-MLA50153573903_062022-I.jpg
MLA1405341435, Apple Tv Hd A1625 Control De Voz 4.ª Generación,MLA352001,190000,ARS,used,https://articulo.mercadolibre.com.ar/MLA-1405341435-apple-tv-hd-a1625-control-de-voz-4-generacion-_JM,http://http2.mlstatic.com/D_872438-MLA71299940579_082023-I.jpg
MLA1558999436,Apple Tv 4k 64 Gb Nuevo Sin Uso (sin Caja),MLA352001,299000,ARS,used,https://articulo.mercadolibre.com.ar/MLA-1558999436-apple-tv-4k-64-gb-nuevo-sin-uso-sin-caja-_JM,http://http2.mlstatic.com/D_929335-MLA72763492903_112023-I.jpg
MLA1414056647, Apple Tv A1469 Estándar 3.ª Generación Rev. A Full Hd 8gb ,MLA352001,150000,ARS,used,https://articulo.mercadolibre.com.ar/MLA-1414056647-apple-tv-a1469-estandar-3-generacion-rev-a-full-hd-8gb-_JM,http://http2.mlstatic.com/D_758586-MLA74917840950_032024-I.jpg
MLA1413766565, Apple Tv Hd A1625 (2015) 4gen 64gb Almacenamiento 2gb Ram,MLA352001,120000,ARS,used,https://articulo.mercadolibre.com.ar/MLA-1413766565-apple-tv-hd-a1625-2015-4gen-64gb-almacenamiento-2gb-ram-_JM,http://http2.mlstatic.com/D_997586-MLA74388389176_022024-I.jpg
MLA1426077727, Apple Tv A1469 Estándar 3.ª Generación Full Hd 8gb Negro ,MLA352001,55000,ARS,used,https://articulo.mercadolibre.com.ar/MLA-1426077727-apple-tv-a1469-estandar-3-generacion-full-hd-8gb-negro-_JM,http://http2.mlstatic.com/D_925792-MLA76313507131_052024-I.jpg
MLA1587533258,Apple Tv 4k A2169 De Voz 2.a Generación 2021 4k 32gb Negro,MLA352001,300000,ARS,used,https://articulo.mercadolibre.com.ar/MLA-1587533258-apple-tv-4k-a2169-de-voz-2a-generacion-2021-4k-32gb-negro-_JM,http://http2.mlstatic.com/D_634233-MLA73222912395_122023-I.jpg
MLA1751001056,Apple Tv Hd A1625 De Voz 4.ª Generación Full Hd 32gb 1080p,MLA352001,149000,ARS,used,https://articulo.mercadolibre.com.ar/MLA-1751001056-apple-tv-hd-a1625-de-voz-4-generacion-full-hd-32gb-1080p-_JM,http://http2.mlstatic.com/D_998482-MLA75818775486_042024-I.jpg
MLA1410413583,Apple Tv,MLA352001,49000,ARS,used,https://articulo.mercadolibre.com.ar/MLA-1410413583-apple-tv-_JM,http://http2.mlstatic.com/D_791092-MLA74604227473_022024-I.jpg
MLA1685609742, Apple Tv 4k A1842 64gb Negro Wifi Ethernet,MLA352001,270000,ARS,used,https://articulo.mercadolibre.com.ar/MLA-1685609742-apple-tv-4k-a1842-64gb-negro-wifi-ethernet-_JM,http://http2.mlstatic.com/D_915397-MLA74674039436_022024-I.jpg
MLA880692414,Apple Tv 4 Generación 32 Gb,MLA352001,250000,ARS,used,https://articulo.mercadolibre.com.ar/MLA-880692414-apple-tv-4-generacion-32-gb-_JM,http://http2.mlstatic.com/D_927415-MLA43579879680_092020-I.jpg
MLA1419820159, Apple Tv A1469 Estándar 3.ª Generación Full Hd 8gb Negro,MLA352001,35000,ARS,used,https://articulo.mercadolibre.com.ar/MLA-1419820159-apple-tv-a1469-estandar-3-generacion-full-hd-8gb-negro-_JM,http://http2.mlstatic.com/D_903943-MLA75475446150_042024-I.jpg
MLA1145383193, Apple Tv 4.ª Generación 2017 Full Hd 64gb ,MLA352001,230000,ARS,used,https://articulo.mercadolibre.com.ar/MLA-1145383193-apple-tv-4-generacion-2017-full-hd-64gb-_JM,http://http2.mlstatic.com/D_719810-MLA50584865404_072022-I.jpg
MLA1622879630,Apple Tv - Modelo A1469,MLA352001,250000,ARS,used,https://articulo.mercadolibre.com.ar/MLA-1622879630-apple-tv-modelo-a1469-_JM,http://http2.mlstatic.com/D_649814-MLA73767530876_012024-I.jpg
MLA1150226429,Caja Apple Tv ,MLA352001,20000,ARS,used,https://articulo.mercadolibre.com.ar/MLA-1150226429-caja-apple-tv-_JM,http://http2.mlstatic.com/D_841931-MLA50767450742_072022-I.jpg
MLA1400668481,Apple Tv 3ª Generación Full Hd - Perfecto Estado,MLA352001,54000,ARS,used,https://articulo.mercadolibre.com.ar/MLA-1400668481-apple-tv-3-generacion-full-hd-perfecto-estado-_JM,http://http2.mlstatic.com/D_748428-MLA73706513475_122023-I.jpg
MLA1374336429, Apple Tv A1469 3.ª Gen Rev. A Full Hd 8gb  Con 512mb De Ram,MLA352001,58000,ARS,used,https://articulo.mercadolibre.com.ar/MLA-1374336429-apple-tv-a1469-3-gen-rev-a-full-hd-8gb-con-512mb-de-ram-_JM,http://http2.mlstatic.com/D_939381-MLA70096950453_062023-I.jpg
MLA1422759707, Apple Tv  3.ª Generación Full Hd,MLA352001,75000,ARS,used,https://articulo.mercadolibre.com.ar/MLA-1422759707-apple-tv-3-generacion-full-hd-_JM,http://http2.mlstatic.com/D_906655-MLA75920103537_042024-I.jpg
MLA1394674025,Apple Tv 3ra Generación - Modelo A1469 + Soporte De Pared,MLA352001,180000,ARS,used,https://articulo.mercadolibre.com.ar/MLA-1394674025-apple-tv-3ra-generacion-modelo-a1469-soporte-de-pared-_JM,http://http2.mlstatic.com/D_829657-MLA72698498905_112023-I.jpg
MLA1755792356, Apple Tv A1469 3.ª Generación. Perf. Estado Caja Cable Orig,MLA352001,98000,ARS,used,https://articulo.mercadolibre.com.ar/MLA-1755792356-apple-tv-a1469-3-generacion-perf-estado-caja-cable-orig-_JM,http://http2.mlstatic.com/D_904917-MLA75909912744_042024-I.jpg
MLA1707169742,Apple Tv A1625 (4ta Gen) + Cable Hdmi Premium,MLA352001,149000,ARS,used,https://articulo.mercadolibre.com.ar/MLA-1707169742-apple-tv-a1625-4ta-gen-cable-hdmi-premium-_JM,http://http2.mlstatic.com/D_841644-MLA75182019493_032024-I.jpg
MLA1408440613, Apple Tv A1427  Full Hd 8gb  Permuto iPhone,MLA352001,70000,ARS,used,https://articulo.mercadolibre.com.ar/MLA-1408440613-apple-tv-a1427-full-hd-8gb-permuto-iphone-_JM,http://http2.mlstatic.com/D_873031-MLA48829463805_012022-I.jpg
MLA1670324528,"Usado Apple Tv 3 A1469 Full Hd Negro Completo, Sin Detalles.",MLA352001,99000,ARS,used,https://articulo.mercadolibre.com.ar/MLA-1670324528-usado-apple-tv-3-a1469-full-hd-negro-completo-sin-detalles-_JM,http://http2.mlstatic.com/D_847134-MLA74427197862_022024-I.jpg
MLA1129100341,Apple Tv Hd A1625 De Voz 4 Generación 2015 Full Hd 32gb,MLA352001,180000,ARS,used,https://articulo.mercadolibre.com.ar/MLA-1129100341-apple-tv-hd-a1625-de-voz-4-generacion-2015-full-hd-32gb-_JM,http://http2.mlstatic.com/D_944207-MLA49461938630_032022-I.jpg
MLA1677887932,Apple Tv 3era Generación. Full Hd. Con Control Remoto Y Hdmi,MLA352001,55000,ARS,used,https://articulo.mercadolibre.com.ar/MLA-1677887932-apple-tv-3era-generacion-full-hd-con-control-remoto-y-hdmi-_JM,http://http2.mlstatic.com/D_726197-MLA74537235240_022024-I.jpg
MLA1415927043, Apple Tv A1469 3.ª Generación Rev. A Full Hd 8gb Negro,MLA352001,45000,ARS,used,https://articulo.mercadolibre.com.ar/MLA-1415927043-apple-tv-a1469-3-generacion-rev-a-full-hd-8gb-negro-_JM,http://http2.mlstatic.com/D_764482-MLA75217921523_032024-I.jpg
MLA1556046712, Apple Tv A1469 Estándar ,MLA352001,120000,ARS,used,https://articulo.mercadolibre.com.ar/MLA-1556046712-apple-tv-a1469-estandar-_JM,http://http2.mlstatic.com/D_931252-MLA72684291155_112023-I.jpg
MLA1699360296,Amazon Fire Tv Stick 4k De Voz 2ª Generación 4k 8gb Negro1 Con 1.5gb De Memoria Ram,MLA352001,57990,ARS,new,https://articulo.mercadolibre.com.ar/MLA-1699360296-amazon-fire-tv-stick-4k-de-voz-2-generacion-4k-8gb-negro1-con-15gb-de-memoria-ram-_JM,http://http2.mlstatic.com/D_971919-MLA74652650842_022024-I.jpg
MLA1142240951,Amazon Fire Tv Stick Lite- De Voz 2.ª Generación Full Hd Negro Con 1gb De Memoria Ram,MLA352001,61333,ARS,new,https://articulo.mercadolibre.com.ar/MLA-1142240951-amazon-fire-tv-stick-lite-de-voz-2-generacion-full-hd-negro-con-1gb-de-memoria-ram-_JM,http://http2.mlstatic.com/D_972640-MLA44341353803_122020-I.jpg
MLA1416268172,Amazon Fire Tv Stick 4k De Voz 3.ª Generación 4k 8gb Negro Con 1.5gb De Memoria Ram,MLA352001,74112,ARS,new,https://articulo.mercadolibre.com.ar/MLA-1416268172-amazon-fire-tv-stick-4k-de-voz-3-generacion-4k-8gb-negro-con-15gb-de-memoria-ram-_JM,http://http2.mlstatic.com/D_784422-MLU73365004986_122023-I.jpg
MLA1424073263,Amazon Fire Tv Stick Fire Tv Stick Lite Edición 2022 B091g4yp57 De Voz 2.ª Generación Full Hd 8gb Negro Con 1gb De Memoria Ram,MLA352001,72499,ARS,new,https://articulo.mercadolibre.com.ar/MLA-1424073263-amazon-fire-tv-stick-fire-tv-stick-lite-edicion-2022-b091g4yp57-de-voz-2-generacion-full-hd-8gb-negro-con-1gb-de-memoria-ram-_JM,http://http2.mlstatic.com/D_921432-MLA52140925321_102022-I.jpg
MLA1718273728,Amazon Fire Tv Stick 4k 2023 Wifi 6 2gb De Ram Con Alexa Color Negro,MLA352001,66499,ARS,new,https://articulo.mercadolibre.com.ar/MLA-1718273728-amazon-fire-tv-stick-4k-2023-wifi-6-2gb-de-ram-con-alexa-color-negro-_JM,http://http2.mlstatic.com/D_733186-MLU75730689100_042024-I.jpg
MLA1111950343,Amazon Fire Tv Stick De Voz 3.ª Generación Full Hd 8gb Negro Con 1gb De Memoria Ram,MLA352001,70559.28,ARS,new,https://articulo.mercadolibre.com.ar/MLA-1111950343-amazon-fire-tv-stick-de-voz-3-generacion-full-hd-8gb-negro-con-1gb-de-memoria-ram-_JM,http://http2.mlstatic.com/D_761264-MLA48109484480_112021-I.jpg
MLA1382251965,Amazon Max Fire Tv Stick 4k Max B08mqzxn1x De Voz 3.ª Generación 4k 8gb Negro Con 2gb De Memoria Ram,MLA352001,106999,ARS,new,https://articulo.mercadolibre.com.ar/MLA-1382251965-amazon-max-fire-tv-stick-4k-max-b08mqzxn1x-de-voz-3-generacion-4k-8gb-negro-con-2gb-de-memoria-ram-_JM,http://http2.mlstatic.com/D_797836-MLA74089533094_012024-I.jpg
MLA1434782502,Amazon Fire Tv Stick Edición 2021 De Voz Full Hd 8gb Negro,MLA352001,68499,ARS,new,https://articulo.mercadolibre.com.ar/MLA-1434782502-amazon-fire-tv-stick-edicion-2021-de-voz-full-hd-8gb-negro-_JM,http://http2.mlstatic.com/D_840026-MLA48231357091_112021-I.jpg
MLA1383766637,Amazon Tv Stick Fire Tv Stick 4k Max K2r2te De Voz 1.ª Generación 4k 8gb Negro Con 2gb De Memoria Ram,MLA352001,91000,ARS,new,https://articulo.mercadolibre.com.ar/MLA-1383766637-amazon-tv-stick-fire-tv-stick-4k-max-k2r2te-de-voz-1-generacion-4k-8gb-negro-con-2gb-de-memoria-ram-_JM,http://http2.mlstatic.com/D_940832-MLU73213842177_122023-I.jpg
MLA1473269098,"Amazon Fire Tv Stick 4k Streaming, Con Alexa Voice Remote Color Negro",MLA352001,200940.48,ARS,new,https://articulo.mercadolibre.com.ar/MLA-1473269098-amazon-fire-tv-stick-4k-streaming-con-alexa-voice-remote-color-negro-_JM,http://http2.mlstatic.com/D_752901-MLU70084963645_062023-I.jpg
MLA1768793214,Amazon Fire Tv Stick Lite 100% Original Netflix Disney Plus,MLA352001,83605.28,ARS,new,https://articulo.mercadolibre.com.ar/MLA-1768793214-amazon-fire-tv-stick-lite-100-original-netflix-disney-plus-_JM,http://http2.mlstatic.com/D_972640-MLA44341353803_122020-I.jpg
MLA1751010378,Amazon Fire Tv Stick Lite Control Por Voz Alexa Fhd 1080p Color Negro Tipo De Control Remoto De Voz,MLA352001,64900,ARS,new,https://articulo.mercadolibre.com.ar/MLA-1751010378-amazon-fire-tv-stick-lite-control-por-voz-alexa-fhd-1080p-color-negro-tipo-de-control-remoto-de-voz-_JM,http://http2.mlstatic.com/D_843463-MLU70509108856_072023-I.jpg
MLA875087652,Amazon Fire Tv Stick 4k Uhd 8gb Negro Hdmi C/ Alexa,MLA352001,60900,ARS,new,https://articulo.mercadolibre.com.ar/MLA-875087652-amazon-fire-tv-stick-4k-uhd-8gb-negro-hdmi-c-alexa-_JM,http://http2.mlstatic.com/D_653628-MLA48431250495_122021-I.jpg
MLA1373149393,Amazon Fire Tv Stick Lite 2022 Full Hd 8gb Streaming ,MLA352001,62499,ARS,new,https://articulo.mercadolibre.com.ar/MLA-1373149393-amazon-fire-tv-stick-lite-2022-full-hd-8gb-streaming-_JM,http://http2.mlstatic.com/D_921432-MLA52140925321_102022-I.jpg
MLA1369261961,Amazon Fire Tv Stick Lite Control De Voz Full Hd 8gb 1gb Ram,MLA352001,84999,ARS,new,https://articulo.mercadolibre.com.ar/MLA-1369261961-amazon-fire-tv-stick-lite-control-de-voz-full-hd-8gb-1gb-ram-_JM,http://http2.mlstatic.com/D_752249-MLA69339468528_052023-I.jpg
MLA1373073449,Amazon Fire Tv Stick Lite 2022 Full Hd 8gb Streaming ,MLA352001,62499,ARS,new,https://articulo.mercadolibre.com.ar/MLA-1373073449-amazon-fire-tv-stick-lite-2022-full-hd-8gb-streaming-_JM,http://http2.mlstatic.com/D_921432-MLA52140925321_102022-I.jpg
MLA1114672681, Amazon Fire Tv Stick 4k Ultra Hd Hdr Con Alexa En Control ,MLA352001,60990,ARS,new,https://articulo.mercadolibre.com.ar/MLA-1114672681-amazon-fire-tv-stick-4k-ultra-hd-hdr-con-alexa-en-control-_JM,http://http2.mlstatic.com/D_985334-MLA48431489241_122021-I.jpg
MLA1372865557,Amazon Fire Tv Stick Lite 2022 Full Hd 8gb Streaming ,MLA352001,62499,ARS,new,https://articulo.mercadolibre.com.ar/MLA-1372865557-amazon-fire-tv-stick-lite-2022-full-hd-8gb-streaming-_JM,http://http2.mlstatic.com/D_921432-MLA52140925321_102022-I.jpg
MLA864435736,"Amazon Fire Tv Stick 4k 8gb 1,5gb Ram Convertidor Smart Tv",MLA352001,77590.3,ARS,new,https://articulo.mercadolibre.com.ar/MLA-864435736-amazon-fire-tv-stick-4k-8gb-15gb-ram-convertidor-smart-tv-_JM,http://http2.mlstatic.com/D_718000-MLA42346856288_062020-I.jpg
MLA1123043676,Amazon Fire Tv Stick 4k De Voz 4k 8gb 1.5gb De Memoria Ram,MLA352001,69990,ARS,new,https://articulo.mercadolibre.com.ar/MLA-1123043676-amazon-fire-tv-stick-4k-de-voz-4k-8gb-15gb-de-memoria-ram-_JM,http://http2.mlstatic.com/D_700522-MLA46539887496_062021-I.jpg
MLA1286252840,"Amazon Fire Tv Stick 4k 8gb Hdr Dolby 1,5gb Ram Control Voz",MLA352001,84450,ARS,new,https://articulo.mercadolibre.com.ar/MLA-1286252840-amazon-fire-tv-stick-4k-8gb-hdr-dolby-15gb-ram-control-voz-_JM,http://http2.mlstatic.com/D_975662-MLA52977647966_122022-I.jpg
MLA1161938993,Amazon Fire Tv Stick Lite Full Hd 8gb C/fuente Original220v ,MLA352001,67821,ARS,new,https://articulo.mercadolibre.com.ar/MLA-1161938993-amazon-fire-tv-stick-lite-full-hd-8gb-cfuente-original220v-_JM,http://http2.mlstatic.com/D_782871-MLA51389207837_092022-I.jpg
MLA864436059,"Amazon Fire Tv Stick Convertidor Smart Tv 8gb 1,5gb Ram 4k ",MLA352001,123180.3,ARS,new,https://articulo.mercadolibre.com.ar/MLA-864436059-amazon-fire-tv-stick-convertidor-smart-tv-8gb-15gb-ram-4k-_JM,http://http2.mlstatic.com/D_958787-MLA42346851363_062020-I.jpg
MLA1707874712,Amazon Fire Tv Stick 1080p Alexa Control Remoto Tz,MLA352001,64799,ARS,new,https://articulo.mercadolibre.com.ar/MLA-1707874712-amazon-fire-tv-stick-1080p-alexa-control-remoto-tz-_JM,http://http2.mlstatic.com/D_907091-MLU71759959795_092023-I.jpg
MLA1558037076,"Fire Tv Stick (3.ª Generación 2021) Con Alexa Voice Remote, ",MLA352001,142417,ARS,new,https://articulo.mercadolibre.com.ar/MLA-1558037076-fire-tv-stick-3-generacion-2021-con-alexa-voice-remote-_JM,http://http2.mlstatic.com/D_644764-MPE48988702985_012022-I.jpg
MLA1409003536,Amazon Fire Tv Stick Lite 2022 Control De Voz Full Hd 8gb,MLA352001,83666,ARS,new,https://articulo.mercadolibre.com.ar/MLA-1409003536-amazon-fire-tv-stick-lite-2022-control-de-voz-full-hd-8gb-_JM,http://http2.mlstatic.com/D_921432-MLA52140925321_102022-I.jpg
MLA1734140408,Amazon Fire Tv Stick 4k De Voz 4k 8gb Negro Con 1.5gb De Me,MLA352001,60764.68,ARS,new,https://articulo.mercadolibre.com.ar/MLA-1734140408-amazon-fire-tv-stick-4k-de-voz-4k-8gb-negro-con-15gb-de-me-_JM,http://http2.mlstatic.com/D_875753-MLA75528071788_042024-I.jpg
MLA1106521661,Amazon Fire Tv Stick Lite Full Hd 8gb 1gb Ram Streaming ,MLA352001,63499,ARS,new,https://articulo.mercadolibre.com.ar/MLA-1106521661-amazon-fire-tv-stick-lite-full-hd-8gb-1gb-ram-streaming-_JM,http://http2.mlstatic.com/D_924513-MLA69588981085_052023-I.jpg
MLA1364216697,Amazon Fire Tv Stick Lite Full Hd 8gb 1gb Ram Streaming,MLA352001,63299,ARS,new,https://articulo.mercadolibre.com.ar/MLA-1364216697-amazon-fire-tv-stick-lite-full-hd-8gb-1gb-ram-streaming-_JM,http://http2.mlstatic.com/D_781204-MLA69997351532_062023-I.jpg
MLA1405570931,Amazon Fire Tv Stick 4k Max Alexa 3° Gen Con Detalles,MLA352001,106999,ARS,new,https://articulo.mercadolibre.com.ar/MLA-1405570931-amazon-fire-tv-stick-4k-max-alexa-3-gen-con-detalles-_JM,http://http2.mlstatic.com/D_705026-MLA74308596649_012024-I.jpg
MLA1583102304,Amazon Fire Tv Stick Lite Edición 2022 De Voz  Full Hd 8gb ,MLA352001,80578,ARS,new,https://articulo.mercadolibre.com.ar/MLA-1583102304-amazon-fire-tv-stick-lite-edicion-2022-de-voz-full-hd-8gb-_JM,http://http2.mlstatic.com/D_921432-MLA52140925321_102022-I.jpg
MLA1122778348,Amazon Fire Tv Stick 4k Hd Smart Tv Apps Netflix Disney  +,MLA352001,130949.03,ARS,new,https://articulo.mercadolibre.com.ar/MLA-1122778348-amazon-fire-tv-stick-4k-hd-smart-tv-apps-netflix-disney--_JM,http://http2.mlstatic.com/D_864838-MLA49062703106_022022-I.jpg
MLA1106948651,Amazon Fire Tv Stick Lite Full Hd 8gb 1gb Ram Streaming,MLA352001,63499,ARS,new,https://articulo.mercadolibre.com.ar/MLA-1106948651-amazon-fire-tv-stick-lite-full-hd-8gb-1gb-ram-streaming-_JM,http://http2.mlstatic.com/D_820326-MLA69588981533_052023-I.jpg
MLA1403888993,Amazon Fire Tv Stick 4k 8gb / 1.5gb Control Remoto Outlet,MLA352001,50900,ARS,new,https://articulo.mercadolibre.com.ar/MLA-1403888993-amazon-fire-tv-stick-4k-8gb-15gb-control-remoto-outlet-_JM,http://http2.mlstatic.com/D_653013-MLA48431072015_122021-I.jpg
MLA1382303479,Amazon Fire Tv Stick 4k Max Control De Voz Alexa 3ra Gen 8gb,MLA352001,160498,ARS,new,https://articulo.mercadolibre.com.ar/MLA-1382303479-amazon-fire-tv-stick-4k-max-control-de-voz-alexa-3ra-gen-8gb-_JM,http://http2.mlstatic.com/D_797836-MLA74089533094_012024-I.jpg
MLA1544999250,Amazon Fire Tv Stick Edición 2021 Control De Voz Full Hd 8gb,MLA352001,89899,ARS,new,https://articulo.mercadolibre.com.ar/MLA-1544999250-amazon-fire-tv-stick-edicion-2021-control-de-voz-full-hd-8gb-_JM,http://http2.mlstatic.com/D_840026-MLA48231357091_112021-I.jpg
MLA1109108466,Amazon Fire Tv Stick 3ra Generacion Hd Alexa  Remote,MLA352001,95548.7,ARS,new,https://articulo.mercadolibre.com.ar/MLA-1109108466-amazon-fire-tv-stick-3ra-generacion-hd-alexa-remote-_JM,http://http2.mlstatic.com/D_697815-MLA47426372604_092021-I.jpg
MLA1453363808,Amazon Fire Tv Stick Lite Full Hd 8gb 1gb Ram Black Control,MLA352001,63499,ARS,new,https://articulo.mercadolibre.com.ar/MLA-1453363808-amazon-fire-tv-stick-lite-full-hd-8gb-1gb-ram-black-control-_JM,http://http2.mlstatic.com/D_972640-MLA44341353803_122020-I.jpg
MLA1545001988,Amazon Fire Tv Stick 4k Control De Voz 3.ª Gen 8gb 1.5gb Ram,MLA352001,87918,ARS,new,https://articulo.mercadolibre.com.ar/MLA-1545001988-amazon-fire-tv-stick-4k-control-de-voz-3-gen-8gb-15gb-ram-_JM,http://http2.mlstatic.com/D_605608-MLA72388262158_102023-I.jpg
MLA1544821012,Amazon Fire Tv Stick Edición 2021 Control De Voz Full Hd 8gb,MLA352001,76678,ARS,new,https://articulo.mercadolibre.com.ar/MLA-1544821012-amazon-fire-tv-stick-edicion-2021-control-de-voz-full-hd-8gb-_JM,http://http2.mlstatic.com/D_840026-MLA48231357091_112021-I.jpg
MLA1488263080,Amazon Fire Tv Stick 4k Negro - 8 Gb 1.5 Gb - Control De Voz,MLA352001,75000,ARS,new,https://articulo.mercadolibre.com.ar/MLA-1488263080-amazon-fire-tv-stick-4k-negro-8-gb-15-gb-control-de-voz-_JM,http://http2.mlstatic.com/D_870264-MLA74779449903_022024-I.jpg
MLA1403896247,Amazon Fire Tv Stick Lite Con Control Remoto Outlet,MLA352001,53000,ARS,new,https://articulo.mercadolibre.com.ar/MLA-1403896247-amazon-fire-tv-stick-lite-con-control-remoto-outlet-_JM,http://http2.mlstatic.com/D_600672-MLA74072279900_012024-I.jpg
MLA1369051919,Amazon Fire Tv Stick 4k De Voz 3° Gen 8gb Cargador Original!,MLA352001,86448,ARS,new,https://articulo.mercadolibre.com.ar/MLA-1369051919-amazon-fire-tv-stick-4k-de-voz-3-gen-8gb-cargador-original-_JM,http://http2.mlstatic.com/D_856996-MLU69145766705_042023-I.jpg
MLA1286072659,Amazon Fire Tv Stick Lite Con Cargador Cuot.s S/ Inter.s!,MLA352001,88996,ARS,new,https://articulo.mercadolibre.com.ar/MLA-1286072659-amazon-fire-tv-stick-lite-con-cargador-cuots-s-inters-_JM,http://http2.mlstatic.com/D_607710-MLA52963039024_122022-I.jpg
MLA1106495695, Amazon Fire Tv Stick Lite Full Hd 8gb 1gb Ram Streaming ,MLA352001,63499,ARS,new,https://articulo.mercadolibre.com.ar/MLA-1106495695-amazon-fire-tv-stick-lite-full-hd-8gb-1gb-ram-streaming-_JM,http://http2.mlstatic.com/D_964573-MLA69588939177_052023-I.jpg
MLA1138176179,Amazon Fire Tv Stick Lite De Voz Full Hd 8gb Con Fuente,MLA352001,65900,ARS,new,https://articulo.mercadolibre.com.ar/MLA-1138176179-amazon-fire-tv-stick-lite-de-voz-full-hd-8gb-con-fuente-_JM,http://http2.mlstatic.com/D_972640-MLA44341353803_122020-I.jpg
MLA1404718091,Amazon Fire Tv Stick Lite Full Hd 3ra Generacion ,MLA352001,157605,ARS,new,https://articulo.mercadolibre.com.ar/MLA-1404718091-amazon-fire-tv-stick-lite-full-hd-3ra-generacion-_JM,http://http2.mlstatic.com/D_716660-MLA74247186939_012024-I.jpg
MLA1722660388,Amazon Fire Tv Stick Lite- De Voz 2.ª Gen Full Hd 1 Gb Ram,MLA352001,121249.03,ARS,new,https://articulo.mercadolibre.com.ar/MLA-1722660388-amazon-fire-tv-stick-lite-de-voz-2-gen-full-hd-1-gb-ram-_JM,http://http2.mlstatic.com/D_972640-MLA44341353803_122020-I.jpg
MLA1722622124,Amazon Fire Tv Stick Lite- De Voz 2.ª Gen Full Hd 1 Gb Ram,MLA352001,93119.03,ARS,new,https://articulo.mercadolibre.com.ar/MLA-1722622124-amazon-fire-tv-stick-lite-de-voz-2-gen-full-hd-1-gb-ram-_JM,http://http2.mlstatic.com/D_972640-MLA44341353803_122020-I.jpg
MLA1361250961,Amazon Fire Tv Stick Lite De Voz Full Hd 8gb Negro 1gbram,MLA352001,130000,ARS,new,https://articulo.mercadolibre.com.ar/MLA-1361250961-amazon-fire-tv-stick-lite-de-voz-full-hd-8gb-negro-1gbram-_JM,http://http2.mlstatic.com/D_972640-MLA44341353803_122020-I.jpg
